strategy,model,init_time_ms,avg_inference_ms,min_inference_ms,max_inference_ms,memory_mb,avg_confidence,avg_objects_found
keyword,default,0.008600065484642982,0.015085709968670494,0.007866648957133293,0.0281666483109196,0.0,0.4642857142857143,1.6428571428571428
translation,default,0.05079992115497589,585.1008166736435,513.6859999814382,709.2429666857546,0.0,0.4642857142857143,1.6428571428571428
semantic,vinai/phobert-base,3211.9028999004513,10.976497621630275,0.35690000125517446,15.347233313756684,555.38671875,0.5795441363539016,7.071428571428571
semantic,dangvantuan/vietnamese-embedding,3856.9598000030965,12.551085715780832,0.3795666852965951,17.826099996455014,321.56640625,0.5676198478255954,2.0714285714285716
semantic,keepitreal/vietnamese-sbert,3889.6940000122413,11.655211908787134,0.21916666689018408,17.14433333836496,322.6484375,0.597380385867187,3.357142857142857
semantic,AITeamVN/Vietnamese_Embedding,5404.477500007488,41.84013571301919,0.441333317818741,69.18176667143901,947.07421875,0.6351931405918939,5.571428571428571
